<beast version='2.0' 
	namespace='beastfx.app.beauti:beastfx.app.inputeditor:beast.pkgmgmt:beast.base.core:beast.base.inference:beast.base.evolution.branchratemodel:beast.base.evolution.speciation:beast.base.evolution.tree.coalescent:beast.base.util:beast.base.math:beast.evolution.nuc:beast.base.evolution.operator:beast.base.inference.operator:beast.base.evolution.sitemodel:beast.base.evolution.substitutionmodel:beast.base.evolution.likelihood:beast.evolution:beast.base.inference.distribution'>

	<mergewith point='substModelTemplates'>
		
		<subtemplate id='F84' class='mypackage.evolution.substitutionmodel.F84' mainid='F84.s:$(n)'>
		<![CDATA[
			<plugin spec='mypackage.evolution.substitutionmodel.F84' id='F84.s:$(n)'>
				<parameter id="kF84.s:$(n)" name='kF84' value="2.0" lower="0.0" estimate='true'/>
				<frequencies id='estimatedFreqs.s:$(n)' spec='Frequencies'>
					<frequencies id='freqParameter.s:$(n)' spec='parameter.RealParameter' dimension='4' value='0.25' lower='0' upper='1'/>
				</frequencies>
			</plugin>
			
			<operator id='kF84Scaler.s:$(n)' spec='kernel.BactrianScaleOperator' scaleFactor="0.1" weight="1" parameter="@kF84.s:$(n)"/>
			<operator id='FrequenciesExchanger.s:$(n)' spec='kernel.BactrianDeltaExchangeOperator' delta="0.01" weight="0.1" parameter="@freqParameter.s:$(n)"/>
				
			<prior id='kF84Prior.s:$(n)' x='@kF84.s:$(n)'>
				<distr spec="LogNormalDistributionModel" meanInRealSpace='true'>
					<parameter name='M' value="1.0" estimate='false'/>
					<parameter name='S' value="1.25" estimate='false'/>
				</distr>
			</prior>
		]]>
		
		<connect srcID='kF84.s:$(n)' targetID='state' inputName='stateNode' if='inposterior(F84.s:$(n)) and kF84.s:$(n)/estimate=true'/>
		<connect srcID='freqParameter.s:$(n)' targetID='state' inputName='stateNode' if='inposterior(F84.s:$(n)) and inposterior(freqParameter.s:$(n)) and freqParameter.s:$(n)/estimate=true'/>
		<connect srcID='kF84Scaler.s:$(n)' targetID='mcmc' inputName='operator' if='inposterior(F84.s:$(n)) and kF84.s:$(n)/estimate=true'>Scale F84 transition-transversion parameter of partition $(n)</connect>
		<connect srcID='FrequenciesExchanger.s:$(n)' targetID='mcmc' inputName='operator' if='inposterior(F84.s:$(n)) and inposterior(freqParameter.s:$(n)) and freqParameter.s:$(n)/estimate=true'>Exchange values of frequencies of partition $(n)</connect>
		<connect srcID='kF84.s:$(n)' targetID='tracelog' inputName='log' if='inposterior(F84.s:$(n)) and kF84.s:$(n)/estimate=true'/>
		<connect srcID='freqParameter.s:$(n)' targetID='tracelog' inputName='log' if='inposterior(F84.s:$(n)) and inposterior(freqParameter.s:$(n)) and freqParameter.s:$(n)/estimate=true'/>
		<connect srcID='kF84Prior.s:$(n)' targetID='prior' inputName='distribution' if='inposterior(F84.s:$(n)) and kF84.s:$(n)/estimate=true'>F84 transition-transversion parameter of partition $(n)</connect>
		
		</subtemplate>
	</mergewith>
</beast>
